id,survey_date,stream,distance,type,species,gravel,life_stage,sex,adipose_fin,spawning_success,predation,notes,survey_year,carcass_age_hours,standard_length,width,redd_substrate,source,source_file,ec5_uuid,created_at,lat,lon,gps_accuracy,utm_northing,utm_easting,utm_zone,photo,location,activity
1.0,2016-11-05,Piper's Creek,250,dead,coho,,ad,female,no,partially spawned,no,Start Piper’s Creek,2016,8.0,,,,scanned,salmon_2016_scanned_raw.csv,,,,,,,,,,,
2.0,2016-11-05,Piper's Creek,700,adult,unknown,,ad,unknown,unknown,unknown,unknown,First Bridge,2016,,,,,scanned,salmon_2016_scanned_raw.csv,,,,,,,,,,,
3.0,2016-11-05,Piper's Creek,700,adult,unknown,,ad,unknown,unknown,unknown,unknown,First Bridge,2016,,,,,scanned,salmon_2016_scanned_raw.csv,,,,,,,,,,,
4.0,2016-11-05,Piper's Creek,800,adult,unknown,,ad,unknown,unknown,unknown,unknown,Under 2nd Bridge,2016,,,,,scanned,salmon_2016_scanned_raw.csv,,,,,,,,,,,
5.0,2016-11-05,Piper's Creek,800,adult,unknown,,ad,unknown,unknown,unknown,scavenged,Very Chewed Up,2016,,,,,scanned,salmon_2016_scanned_raw.csv,,,,,,,,,,,
6.0,2016-11-05,Piper's Creek,950,dead,chum,,ad,male,unknown,unspawned,yes,,2016,48.0,,,,scanned,salmon_2016_scanned_raw.csv,,,,,,,,,,,
7.0,2016-11-05,Piper's Creek,1100,adult,chum,,ad,female,unknown,unknown,unknown,,2016,,,,,scanned,salmon_2016_scanned_raw.csv,,,,,,,,,,,
8.0,2016-11-05,Piper's Creek,1200,live,unknown,,ad,unknown,unknown,unknown,unknown,,2016,,,,,scanned,salmon_2016_scanned_raw.csv,,,,,,,,,,,
9.0,2016-11-05,Piper's Creek,1300,live,chum,,ad,male,unknown,unknown,unknown,,2016,,,,,scanned,salmon_2016_scanned_raw.csv,,,,,,,,,,,
10.0,2016-11-05,Piper's Creek,1400,live,chum,,ad,male,unknown,unknown,unknown,,2016,,,,,scanned,salmon_2016_scanned_raw.csv,,,,,,,,,,,
11.0,2016-11-05,Piper's Creek,1500,live,unknown,,ad,female,unknown,unknown,unknown,,2016,,,,,scanned,salmon_2016_scanned_raw.csv,,,,,,,,,,,
12.0,2016-11-05,Piper's Creek,1500,live,unknown,,ad,male,unknown,unknown,unknown,,2016,,,,,scanned,salmon_2016_scanned_raw.csv,,,,,,,,,,,
13.0,2016-11-05,Piper's Creek,1550,live,coho,,ad,male,unknown,unknown,unknown,,2016,,,,,scanned,salmon_2016_scanned_raw.csv,,,,,,,,,,,
14.0,2016-11-05,Piper's Creek,1600,live,coho,,ad,male,unknown,unknown,unknown,,2016,,,,,scanned,salmon_2016_scanned_raw.csv,,,,,,,,,,,
15.0,2016-11-05,Piper's Creek,1610,live,coho,,ad,female,unknown,unknown,unknown,,2016,,,,,scanned,salmon_2016_scanned_raw.csv,,,,,,,,,,,
16.0,2016-11-05,Piper's Creek,1650,dead,coho,,ad,female,no,unspawned,no,,2016,12.0,21.0,4.5,,scanned,salmon_2016_scanned_raw.csv,,,,,,,,,,,
17.0,2016-11-05,Piper's Creek,1670,dead,chum,,ad,female,no,spawned,no,,2016,12.0,19.5,4.0,,scanned,salmon_2016_scanned_raw.csv,,,,,,,,,,,
18.0,2016-11-05,Piper's Creek,1710,live,chum,,ad,male,unknown,unknown,unknown,Third Bridge,2016,,,,,scanned,salmon_2016_scanned_raw.csv,,,,,,,,,,,
19.0,2016-11-05,Piper's Creek,1900,dead,coho,,ad,female,no,unspawned,no,,2016,12.0,24.0,5.5,,scanned,salmon_2016_scanned_raw.csv,,,,,,,,,,,
20.0,2016-11-05,Piper's Creek,1900,live,chum,,ad,male,unknown,unknown,unknown,Deteriorating,2016,,,,,scanned,salmon_2016_scanned_raw.csv,,,,,,,,,,,
21.0,2016-11-05,Piper's Creek,1900,dead,chum,,ad,male,yes,spawned,partial,,2016,12.0,29.0,5.0,,scanned,salmon_2016_scanned_raw.csv,,,,,,,,,,,
22.0,2016-11-05,Piper's Creek,1925,live,chum,,ad,female,unknown,unknown,unknown,,2016,,,,,scanned,salmon_2016_scanned_raw.csv,,,,,,,,,,,
23.0,2016-11-05,Piper's Creek,1925,live,chum,,ad,female,unknown,unknown,unknown,End Piper’s Creek,2016,,,,,scanned,salmon_2016_scanned_raw.csv,,,,,,,,,,,
24.0,2016-11-05,Venema,200,dead,chum,,ad,male,yes,spawned,yes,Start Venema Creek,2016,,27.0,5.0,,scanned,salmon_2016_scanned_raw.csv,,,,,,,,,,,
25.0,2016-11-05,Venema,200,live,chum,,ad,male,unknown,unknown,unknown,,2016,,,,,scanned,salmon_2016_scanned_raw.csv,,,,,,,,,,,
26.0,2016-11-05,Venema,400,live,coho,,ad,male,unknown,unknown,unknown,End Venema Creek,2016,,,,,scanned,salmon_2016_scanned_raw.csv,,,,,,,,,,,
1.0,2016-11-12,Piper's Creek,0,remnant,chum,,ad,male,yes,unknown,unknown, original distance: Beach,2016,,,,,scanned,salmon_2016_scanned_raw.csv,,,,,,,,,,,
2.0,2016-11-12,Piper's Creek,0,remnant,unknown,,ad,unknown,unknown,unknown,unknown, original distance: Beach,2016,,,,,scanned,salmon_2016_scanned_raw.csv,,,,,,,,,,,
3.0,2016-11-12,Piper's Creek,0,dead,coho,,ad,male,no,unknown,scavenged, original distance: Beach,2016,36.0,25.0,4.5,,scanned,salmon_2016_scanned_raw.csv,,,,,,,,,,,
4.0,2016-11-12,Piper's Creek,0,dead,chum,,ad,female,unknown,spawned,scavenged,Likely washed out to beach by storm water flow original distance: Beach,2016,60.0,25.0,4.5,,scanned,salmon_2016_scanned_raw.csv,,,,,,,,,,,
5.0,2016-11-12,Piper's Creek,170,live,chum,,ad,female,unknown,unknown,,"Large, by sight",2016,,,,,scanned,salmon_2016_scanned_raw.csv,,,,,,,,,,,
6.0,2016-11-12,Piper's Creek,170,dead,chum,,ad,male,yes,spawned,scavenged,Eyes scav only,2016,72.0,27.5,7.0,,scanned,salmon_2016_scanned_raw.csv,,,,,,,,,,,
7.0,2016-11-12,Piper's Creek,185,live,chum,,ad,unknown,unknown,unknown,,,2016,,,,,scanned,salmon_2016_scanned_raw.csv,,,,,,,,,,,
8.0,2016-11-12,Piper's Creek,185,live,chum,,ad,unknown,unknown,unknown,,,2016,,,,,scanned,salmon_2016_scanned_raw.csv,,,,,,,,,,,
9.0,2016-11-12,Piper's Creek,200,live,chum,,ad,female,unknown,unknown,,,2016,,,,,scanned,salmon_2016_scanned_raw.csv,,,,,,,,,,,
10.0,2016-11-12,Piper's Creek,215,dead,coho,,ad,female,no,spawned,yes,"Eyes scav only, spawned but seems washed downstream from storm flow",2016,24.0,25.0,5.0,,scanned,salmon_2016_scanned_raw.csv,,,,,,,,,,,
11.0,2016-11-12,Piper's Creek,290,dead,chum,,ad,male,yes,spawned,scavenged,,2016,48.0,28.0,5.5,,scanned,salmon_2016_scanned_raw.csv,,,,,,,,,,,
12.0,2016-11-12,Piper's Creek,480,dead,chum,,ad,female,yes,spawned,scavenged,,2016,,,,,scanned,salmon_2016_scanned_raw.csv,,,,,,,,,,,
13.0,2016-11-12,Piper's Creek,485,dead,chum,,ad,male,yes,spawned,scavenged,Some scav - eyes,2016,,,,,scanned,salmon_2016_scanned_raw.csv,,,,,,,,,,,
14.0,2016-11-12,Piper's Creek,500,live,chum,,ad,male,unknown,unknown,,,2016,,,,,scanned,salmon_2016_scanned_raw.csv,,,,,,,,,,,
15.0,2016-11-12,Piper's Creek,500,live,chum,,ad,female,unknown,unknown,,,2016,,,,,scanned,salmon_2016_scanned_raw.csv,,,,,,,,,,,
16.0,2016-11-12,Piper's Creek,500,live,chum,,ad,female,unknown,unknown,,,2016,,,,,scanned,salmon_2016_scanned_raw.csv,,,,,,,,,,,
17.0,2016-11-12,Piper's Creek,530,live,chum,,ad,male,unknown,unknown,,,2016,,,,,scanned,salmon_2016_scanned_raw.csv,,,,,,,,,,,
18.0,2016-11-12,Piper's Creek,635,live,coho,,ad,male,unknown,unknown,,,2016,,,,,scanned,salmon_2016_scanned_raw.csv,,,,,,,,,,,
19.0,2016-11-12,Piper's Creek,635,dead,chum,,ad,male,yes,unknown,scavenged,Partial,2016,72.0,30.0,6.0,,scanned,salmon_2016_scanned_raw.csv,,,,,,,,,,,
20.0,2016-11-12,Piper's Creek,650,live,chum,,ad,female,unknown,unknown,,,2016,,,,,scanned,salmon_2016_scanned_raw.csv,,,,,,,,,,,
21.0,2016-11-12,Piper's Creek,690,dead,chum,,ad,female,yes,unknown,unknown,,2016,24.0,25.0,4.5,,scanned,salmon_2016_scanned_raw.csv,,,,,,,,,,,
22.0,2016-11-12,Piper's Creek,705,dead,chum,,ad,male,yes,spawned,scavenged,,2016,72.0,25.0,5.0,,scanned,salmon_2016_scanned_raw.csv,,,,,,,,,,,
23.0,2016-11-12,Piper's Creek,710,live,chum,,ad,male,unknown,unknown,,,2016,,,,,scanned,salmon_2016_scanned_raw.csv,,,,,,,,,,,
24.0,2016-11-12,Piper's Creek,715,dead,chum,,ad,male,yes,spawned,scavenged,,2016,48.0,30.0,7.0,,scanned,salmon_2016_scanned_raw.csv,,,,,,,,,,,
25.0,2016-11-12,Piper's Creek,770,live,chum,,ad,male,unknown,unknown,,,2016,,,,,scanned,salmon_2016_scanned_raw.csv,,,,,,,,,,,
26.0,2016-11-12,Piper's Creek,770,live,chum,,ad,female,unknown,unknown,,,2016,,,,,scanned,salmon_2016_scanned_raw.csv,,,,,,,,,,,
27.0,2016-11-12,Piper's Creek,800,dead,chum,,ad,male,yes,spawned,no,,2016,72.0,26.0,5.5,,scanned,salmon_2016_scanned_raw.csv,,,,,,,,,,,
28.0,2016-11-12,Piper's Creek,840,dead,chum,,ad,male,yes,spawned,scavenged,Partial,2016,72.0,29.0,5.0,,scanned,salmon_2016_scanned_raw.csv,,,,,,,,,,,
29.0,2016-11-12,Piper's Creek,845,live,chum,,ad,female,unknown,unknown,,,2016,,,,,scanned,salmon_2016_scanned_raw.csv,,,,,,,,,,,
30.0,2016-11-12,Piper's Creek,845,live,chum,,ad,female,unknown,unknown,,,2016,,,,,scanned,salmon_2016_scanned_raw.csv,,,,,,,,,,,
31.0,2016-11-12,Piper's Creek,845,live,chum,,ad,unknown,unknown,unknown,,,2016,,,,,scanned,salmon_2016_scanned_raw.csv,,,,,,,,,,,
32.0,2016-11-12,Piper's Creek,850,live,chum,,ad,female,unknown,unknown,,,2016,,,,,scanned,salmon_2016_scanned_raw.csv,,,,,,,,,,,
33.0,2016-11-12,Piper's Creek,855,dead,chum,,ad,male,yes,unknown,unknown,,2016,,,,,scanned,salmon_2016_scanned_raw.csv,,,,,,,,,,,
34.0,2016-11-12,Piper's Creek,860,dead,chum,,ad,unknown,yes,unknown,unknown,,2016,,,,,scanned,salmon_2016_scanned_raw.csv,,,,,,,,,,,
35.0,2016-11-12,Piper's Creek,860,live,chum,,ad,female,unknown,unknown,,,2016,,,,,scanned,salmon_2016_scanned_raw.csv,,,,,,,,,,,
36.0,2016-11-12,Piper's Creek,890,live,chum,,ad,male,,unknown,,,2016,,,,,scanned,salmon_2016_scanned_raw.csv,,,,,,,,,,,
37.0,2016-11-12,Piper's Creek,910,live,chum,,ad,female,,unknown,,,2016,,,,,scanned,salmon_2016_scanned_raw.csv,,,,,,,,,,,
38.0,2016-11-12,Piper's Creek,920,redd,chum,,ad,female,,unknown,,,2016,,,,,scanned,salmon_2016_scanned_raw.csv,,,,,,,,,,,
39.0,2016-11-12,Piper's Creek,1010,dead,chum,,ad,female,,spawned,scavenged,w/beetle (insect),2016,48.0,27.5,5.5,,scanned,salmon_2016_scanned_raw.csv,,,,,,,,,,,
40.0,2016-11-12,Piper's Creek,1040,live,chum,,ad,female,,unknown,,,2016,,,,,scanned,salmon_2016_scanned_raw.csv,,,,,,,,,,,
41.0,2016-11-12,Piper's Creek,1110,live,chum,,ad,male,,unknown,,,2016,,,,,scanned,salmon_2016_scanned_raw.csv,,,,,,,,,,,
42.0,2016-11-12,Piper's Creek,1150,dead,chum,,ad,male,,unspawned,scavenged,Eyes scav only,2016,48.0,27.0,5.5,,scanned,salmon_2016_scanned_raw.csv,,,,,,,,,,,
43.0,2016-11-12,Piper's Creek,1200,dead,chum,,ad,female,,spawned,scavenged,,2016,60.0,26.0,5.0,,scanned,salmon_2016_scanned_raw.csv,,,,,,,,,,,
44.0,2016-11-12,Piper's Creek,1200,dead,chum,,ad,male,,spawned,scavenged,,2016,65.0,28.0,6.0,,scanned,salmon_2016_scanned_raw.csv,,,,,,,,,,,
45.0,2016-11-12,Piper's Creek,1250,live,chum,,ad,female,,unknown,,,2016,,,,,scanned,salmon_2016_scanned_raw.csv,,,,,,,,,,,
46.0,2016-11-12,Piper's Creek,1250,live,chum,,ad,female,,unknown,,,2016,,,,,scanned,salmon_2016_scanned_raw.csv,,,,,,,,,,,
47.0,2016-11-12,Piper's Creek,1250,live,chum,,ad,male,,unknown,,,2016,,,,,scanned,salmon_2016_scanned_raw.csv,,,,,,,,,,,
48.0,2016-11-12,Piper's Creek,1280,live,chum,,ad,male,,unknown,,,2016,,,,,scanned,salmon_2016_scanned_raw.csv,,,,,,,,,,,
49.0,2016-11-12,Piper's Creek,1280,live,chum,,ad,male,,unknown,,,2016,,,,,scanned,salmon_2016_scanned_raw.csv,,,,,,,,,,,
50.0,2016-11-12,Piper's Creek,1280,live,chum,,ad,female,,unknown,,,2016,,,,,scanned,salmon_2016_scanned_raw.csv,,,,,,,,,,,
51.0,2016-11-12,Piper's Creek,1280,live,chum,,ad,female,,unknown,,,2016,,,,,scanned,salmon_2016_scanned_raw.csv,,,,,,,,,,,
52.0,2016-11-12,Piper's Creek,1280,live,chum,,ad,female,,unknown,,,2016,,,,,scanned,salmon_2016_scanned_raw.csv,,,,,,,,,,,
53.0,2016-11-12,Piper's Creek,1280,live,chum,,ad,female,,unknown,,,2016,,,,,scanned,salmon_2016_scanned_raw.csv,,,,,,,,,,,
54.0,2016-11-12,Piper's Creek,1310,live,chum,,ad,female,,unknown,,,2016,,,,,scanned,salmon_2016_scanned_raw.csv,,,,,,,,,,,
55.0,2016-11-12,Piper's Creek,1310,live,chum,,ad,female,,unknown,,,2016,,,,,scanned,salmon_2016_scanned_raw.csv,,,,,,,,,,,
56.0,2016-11-12,Piper's Creek,1310,live,chum,,ad,male,unknown,unknown,,,2016,,,,,scanned,salmon_2016_scanned_raw.csv,,,,,,,,,,,
57.0,2016-11-12,Piper's Creek,1310,dead,chum,,ad,male,yes,spawned,scavenged,,2016,,27.0,5.0,,scanned,salmon_2016_scanned_raw.csv,,,,,,,,,,,
58.0,2016-11-12,Piper's Creek,1325,dead,chum,,ad,male,yes,partially spawned,scavenged,Eyes scavenged,2016,36.0,26.0,5.5,,scanned,salmon_2016_scanned_raw.csv,,,,,,,,,,,
59.0,2016-11-12,Piper's Creek,1350,live,chum,,ad,female,unknown,unknown,,,2016,,,,,scanned,salmon_2016_scanned_raw.csv,,,,,,,,,,,
60.0,2016-11-12,Piper's Creek,1350,live,chum,,ad,female,unknown,unknown,,,2016,,,,,scanned,salmon_2016_scanned_raw.csv,,,,,,,,,,,
61.0,2016-11-12,Piper's Creek,1350,live,chum,,ad,female,unknown,unknown,,,2016,,,,,scanned,salmon_2016_scanned_raw.csv,,,,,,,,,,,
62.0,2016-11-12,Piper's Creek,1350,live,chum,,ad,male,unknown,unknown,,,2016,,,,,scanned,salmon_2016_scanned_raw.csv,,,,,,,,,,,
63.0,2016-11-12,Piper's Creek,1350,dead,chum,,ad,male,yes,unspawned,,,2016,72.0,28.0,6.0,,scanned,salmon_2016_scanned_raw.csv,,,,,,,,,,,
64.0,2016-11-12,Piper's Creek,1375,live,chum,,ad,male,unknown,unknown,,,2016,,,,,scanned,salmon_2016_scanned_raw.csv,,,,,,,,,,,
65.0,2016-11-12,Piper's Creek,1375,live,chum,,ad,female,unknown,unknown,,,2016,,,,,scanned,salmon_2016_scanned_raw.csv,,,,,,,,,,,
66.0,2016-11-12,Piper's Creek,1375,live,chum,,ad,female,unknown,unknown,,,2016,,,,,scanned,salmon_2016_scanned_raw.csv,,,,,,,,,,,
67.0,2016-11-12,Piper's Creek,1390,dead,chum,,ad,male,yes,spawned,scavenged,Eyes scavenged,2016,,28.0,6.0,,scanned,salmon_2016_scanned_raw.csv,,,,,,,,,,,
68.0,2016-11-12,Piper's Creek,1410,live,chum,,ad,female,unknown,unknown,,,2016,,,,,scanned,salmon_2016_scanned_raw.csv,,,,,,,,,,,
69.0,2016-11-12,Piper's Creek,1410,live,chum,,ad,female,unknown,unknown,,,2016,,,,,scanned,salmon_2016_scanned_raw.csv,,,,,,,,,,,
70.0,2016-11-12,Piper's Creek,1410,live,chum,,ad,male,unknown,unknown,,,2016,,,,,scanned,salmon_2016_scanned_raw.csv,,,,,,,,,,,
71.0,2016-11-12,Piper's Creek,1455,live,chum,,ad,male,unknown,unknown,,,2016,,,,,scanned,salmon_2016_scanned_raw.csv,,,,,,,,,,,
72.0,2016-11-12,Piper's Creek,1455,live,chum,,ad,female,unknown,unknown,,,2016,,,,,scanned,salmon_2016_scanned_raw.csv,,,,,,,,,,,
73.0,2016-11-12,Piper's Creek,1500,live,chum,,ad,male,unknown,unknown,,,2016,,,,,scanned,salmon_2016_scanned_raw.csv,,,,,,,,,,,
74.0,2016-11-12,Piper's Creek,1500,live,chum,,ad,female,unknown,unknown,,,2016,,,,,scanned,salmon_2016_scanned_raw.csv,,,,,,,,,,,
75.0,2016-11-12,Piper's Creek,1500,live,chum,,ad,unknown,unknown,unknown,,,2016,,,,,scanned,salmon_2016_scanned_raw.csv,,,,,,,,,,,
76.0,2016-11-12,Piper's Creek,1520,remnant,coho,,ad,male,unknown,unknown,unknown,,2016,,,,,scanned,salmon_2016_scanned_raw.csv,,,,,,,,,,,
77.0,2016-11-12,Piper's Creek,1540,dead,chum,,ad,male,yes,spawned,scavenged,Eyes scavenged,2016,36.0,27.5,5.5,,scanned,salmon_2016_scanned_raw.csv,,,,,,,,,,,
78.0,2016-11-12,Piper's Creek,1545,dead,chum,,ad,male,yes,partially spawned,scavenged,,2016,24.0,30.0,6.0,,scanned,salmon_2016_scanned_raw.csv,,,,,,,,,,,
79.0,2016-11-12,Piper's Creek,1620,dead,chum,,ad,male,yes,spawned,scavenged,,2016,48.0,31.0,6.0,,scanned,salmon_2016_scanned_raw.csv,,,,,,,,,,,
80.0,2016-11-12,Piper's Creek,1640,live,chum,,ad,male,unknown,unknown,,,2016,,,,,scanned,salmon_2016_scanned_raw.csv,,,,,,,,,,,
81.0,2016-11-12,Piper's Creek,1640,live,chum,,ad,female,unknown,unknown,,,2016,,,,,scanned,salmon_2016_scanned_raw.csv,,,,,,,,,,,
82.0,2016-11-12,Piper's Creek,1640,dead,chum,,ad,male,yes,unknown,unknown,4 fish at 1640ft drug up on,2016,,,,,scanned,salmon_2016_scanned_raw.csv,,,,,,,,,,,
83.0,2016-11-12,Piper's Creek,1640,dead,chum,,ad,male,yes,unknown,unknown,the south bank of Pipers,2016,,,,,scanned,salmon_2016_scanned_raw.csv,,,,,,,,,,,
84.0,2016-11-12,Piper's Creek,1640,dead,chum,,ad,male,yes,unknown,unknown,About 10ft from water,2016,,,,,scanned,salmon_2016_scanned_raw.csv,,,,,,,,,,,
85.0,2016-11-12,Piper's Creek,1640,remnant,coho,,ad,unknown,unknown,unknown,,"Co remnant, Ch minorly scavenged by comparison",2016,,,,,scanned,salmon_2016_scanned_raw.csv,,,,,,,,,,,
86.0,2016-11-12,Piper's Creek,1710,live,chum,,ad,male,unknown,unknown,,,2016,,,,,scanned,salmon_2016_scanned_raw.csv,,,,,,,,,,,
87.0,2016-11-12,Piper's Creek,1710,live,chum,,ad,male,unknown,unknown,,,2016,,,,,scanned,salmon_2016_scanned_raw.csv,,,,,,,,,,,
88.0,2016-11-12,Piper's Creek,1710,live,chum,,ad,male,unknown,unknown,,,2016,,,,,scanned,salmon_2016_scanned_raw.csv,,,,,,,,,,,
89.0,2016-11-12,Piper's Creek,1710,live,chum,,ad,female,unknown,unknown,,,2016,,,,,scanned,salmon_2016_scanned_raw.csv,,,,,,,,,,,
90.0,2016-11-12,Piper's Creek,1725,live,chum,,ad,female,unknown,unknown,,,2016,,,,,scanned,salmon_2016_scanned_raw.csv,,,,,,,,,,,
91.0,2016-11-12,Piper's Creek,1740,live,chum,,ad,male,unknown,unknown,,,2016,,,,,scanned,salmon_2016_scanned_raw.csv,,,,,,,,,,,
92.0,2016-11-12,Piper's Creek,1740,live,chum,,ad,female,unknown,unknown,,,2016,,,,,scanned,salmon_2016_scanned_raw.csv,,,,,,,,,,,
93.0,2016-11-12,Piper's Creek,1740,live,chum,,ad,male,unknown,unknown,,,2016,,,,,scanned,salmon_2016_scanned_raw.csv,,,,,,,,,,,
94.0,2016-11-12,Piper's Creek,1765,live,chum,,ad,male,unknown,unknown,,,2016,,,,,scanned,salmon_2016_scanned_raw.csv,,,,,,,,,,,
95.0,2016-11-12,Piper's Creek,1800,live,chum,,ad,female,unknown,unknown,,,2016,,,,,scanned,salmon_2016_scanned_raw.csv,,,,,,,,,,,
96.0,2016-11-12,Piper's Creek,1800,live,chum,,ad,female,unknown,unknown,,,2016,,,,,scanned,salmon_2016_scanned_raw.csv,,,,,,,,,,,
97.0,2016-11-12,Piper's Creek,1800,dead,chum,,ad,female,yes,spawned,scavenged,,2016,,25.0,5.0,,scanned,salmon_2016_scanned_raw.csv,,,,,,,,,,,
98.0,2016-11-12,Piper's Creek,1825,dead,chum,,ad,male,yes,spawned,scavenged,Eyes scavenged,2016,48.0,30.0,6.0,,scanned,salmon_2016_scanned_raw.csv,,,,,,,,,,,
99.0,2016-11-12,Piper's Creek,1850,live,chum,,ad,female,unknown,unknown,,,2016,48.0,,,,scanned,salmon_2016_scanned_raw.csv,,,,,,,,,,,
100.0,2016-11-12,Piper's Creek,1850,dead,chum,,ad,female,yes,spawned,scavenged,minor,2016,48.0,25.0,4.0,,scanned,salmon_2016_scanned_raw.csv,,,,,,,,,,,
101.0,2016-11-12,Piper's Creek,1850,dead,chum,,ad,female,yes,spawned,scavenged,minor,2016,48.0,24.0,4.5,,scanned,salmon_2016_scanned_raw.csv,,,,,,,,,,,
102.0,2016-11-12,Piper's Creek,1885,live,chum,,ad,male,unknown,unknown,,,2016,,,,,scanned,salmon_2016_scanned_raw.csv,,,,,,,,,,,
103.0,2016-11-12,Piper's Creek,1885,live,chum,,ad,male,unknown,unknown,,,2016,,,,,scanned,salmon_2016_scanned_raw.csv,,,,,,,,,,,
104.0,2016-11-12,Piper's Creek,1920,live,chum,,ad,female,unknown,unknown,,,2016,,,,,scanned,salmon_2016_scanned_raw.csv,,,,,,,,,,,
105.0,2016-11-12,Piper's Creek,1920,live,chum,,ad,female,unknown,unknown,,,2016,,,,,scanned,salmon_2016_scanned_raw.csv,,,,,,,,,,,
106.0,2016-11-12,Piper's Creek,1920,live,chum,,ad,male,unknown,unknown,,,2016,,,,,scanned,salmon_2016_scanned_raw.csv,,,,,,,,,,,
107.0,2016-11-12,Piper's Creek,2000,dead,chum,,ad,male,yes,partially spawned,scavenged,Eyes scavenged,2016,36.0,27.0,6.0,,scanned,salmon_2016_scanned_raw.csv,,,,,,,,,,,
108.0,2016-11-12,Piper's Creek,2000,live,coho,,ad,unknown,unknown,unknown,,,2016,,,,,scanned,salmon_2016_scanned_raw.csv,,,,,,,,,,,
109.0,2016-11-12,Piper's Creek,2000,live,chum,,ad,female,unknown,unknown,,,2016,,,,,scanned,salmon_2016_scanned_raw.csv,,,,,,,,,,,
110.0,2016-11-12,Piper's Creek,2000,live,chum,,ad,male,unknown,unknown,,,2016,,,,,scanned,salmon_2016_scanned_raw.csv,,,,,,,,,,,
111.0,2016-11-12,Piper's Creek,2010,live,chum,,ad,male,unknown,unknown,,,2016,,,,,scanned,salmon_2016_scanned_raw.csv,,,,,,,,,,,
112.0,2016-11-12,Piper's Creek,2030,dead,chum,,ad,female,yes,spawned,scavenged,Eyes & snout,2016,24.0,26.0,4.5,,scanned,salmon_2016_scanned_raw.csv,,,,,,,,,,,
113.0,2016-11-12,Piper's Creek,2040,dead,chum,,ad,female,yes,spawned,scavenged,Eyes and snout,2016,36.0,25.0,6.0,,scanned,salmon_2016_scanned_raw.csv,,,,,,,,,,,
114.0,2016-11-12,Piper's Creek,2050,live,chum,,ad,male,unknown,unknown,,,2016,,,,,scanned,salmon_2016_scanned_raw.csv,,,,,,,,,,,
115.0,2016-11-12,Piper's Creek,2050,live,chum,,ad,female,unknown,unknown,,Group of 8 in the same pool,2016,,,,,scanned,salmon_2016_scanned_raw.csv,,,,,,,,,,,
116.0,2016-11-12,Piper's Creek,2050,live,chum,,ad,female,unknown,unknown,,Group of 8 in the same pool,2016,,,,,scanned,salmon_2016_scanned_raw.csv,,,,,,,,,,,
117.0,2016-11-12,Piper's Creek,2050,live,chum,,ad,female,unknown,unknown,,Group of 8 in the same pool,2016,,,,,scanned,salmon_2016_scanned_raw.csv,,,,,,,,,,,
118.0,2016-11-12,Piper's Creek,2050,live,chum,,ad,female,unknown,unknown,,Group of 8 in the same pool,2016,,,,,scanned,salmon_2016_scanned_raw.csv,,,,,,,,,,,
119.0,2016-11-12,Piper's Creek,2050,live,chum,,ad,female,unknown,unknown,,Group of 8 in the same pool,2016,,,,,scanned,salmon_2016_scanned_raw.csv,,,,,,,,,,,
120.0,2016-11-12,Piper's Creek,2050,live,chum,,ad,female,unknown,unknown,,Group of 8 in the same pool,2016,,,,,scanned,salmon_2016_scanned_raw.csv,,,,,,,,,,,
121.0,2016-11-12,Piper's Creek,2050,live,chum,,ad,male,unknown,unknown,,Group of 8 in the same pool,2016,,,,,scanned,salmon_2016_scanned_raw.csv,,,,,,,,,,,
122.0,2016-11-12,Piper's Creek,2050,live,chum,,ad,male,unknown,unknown,,Group of 8 in the same pool,2016,,,,,scanned,salmon_2016_scanned_raw.csv,,,,,,,,,,,
123.0,2016-11-12,Piper's Creek,35,live,chum,,ad,male,unknown,unknown,,Begin Venema Creek,2016,,,,,scanned,salmon_2016_scanned_raw.csv,,,,,,,,,,,
124.0,2016-11-12,Piper's Creek,65,dead,chum,,ad,male,yes,spawned,no,Freshly Dead,2016,1.0,26.0,4.5,,scanned,salmon_2016_scanned_raw.csv,,,,,,,,,,,
125.0,2016-11-12,Piper's Creek,70,dead,chum,,ad,male,yes,unspawned,scavenged,,2016,,26.0,4.5,,scanned,salmon_2016_scanned_raw.csv,,,,,,,,,,,
126.0,2016-11-12,Piper's Creek,70,remnant,chum,,ad,unknown,unknown,unknown,scavenged,Significant,2016,,,,,scanned,salmon_2016_scanned_raw.csv,,,,,,,,,,,
127.0,2016-11-12,Piper's Creek,90,live,unknown,,ad,male,unknown,unknown,,,2016,,,,,scanned,salmon_2016_scanned_raw.csv,,,,,,,,,,,
128.0,2016-11-12,Piper's Creek,90,live,unknown,,ad,male,unknown,unknown,,,2016,,,,,scanned,salmon_2016_scanned_raw.csv,,,,,,,,,,,
129.0,2016-11-12,Piper's Creek,90,live,unknown,,ad,female,unknown,unknown,,,2016,,,,,scanned,salmon_2016_scanned_raw.csv,,,,,,,,,,,
130.0,2016-11-12,Piper's Creek,90,dead,chum,,ad,male,yes,spawned,scavenged,Just the eyes scav.,2016,12.0,29.5,6.0,,scanned,salmon_2016_scanned_raw.csv,,,,,,,,,,,
131.0,2016-11-12,Piper's Creek,90,dead,chum,,ad,male,yes,spawned,scavenged,Just the eyes scav.,2016,12.0,28.0,6.0,,scanned,salmon_2016_scanned_raw.csv,,,,,,,,,,,
132.0,2016-11-12,Piper's Creek,90,dead,chum,,ad,male,yes,spawned,scavenged,,2016,30.0,26.0,5.5,,scanned,salmon_2016_scanned_raw.csv,,,,,,,,,,,
133.0,2016-11-12,Piper's Creek,90,dead,chum,,ad,male,yes,spawned,scavenged,significant,2016,24.0,28.0,6.0,,scanned,salmon_2016_scanned_raw.csv,,,,,,,,,,,
134.0,2016-11-12,Piper's Creek,90,dead,chum,,ad,female,yes,spawned,scavenged,,2016,36.0,26.0,5.5,,scanned,salmon_2016_scanned_raw.csv,,,,,,,,,,,
135.0,2016-11-12,Piper's Creek,100,live,chum,,ad,male,unknown,unknown,,,2016,,,,,scanned,salmon_2016_scanned_raw.csv,,,,,,,,,,,
136.0,2016-11-12,Piper's Creek,150,live,chum,,ad,unknown,unknown,unknown,,,2016,,,,,scanned,salmon_2016_scanned_raw.csv,,,,,,,,,,,
137.0,2016-11-12,Piper's Creek,150,dead,chum,,ad,male,yes,unknown,scavenged,,2016,24.0,25.0,5.0,,scanned,salmon_2016_scanned_raw.csv,,,,,,,,,,,
138.0,2016-11-12,Piper's Creek,150,dead,chum,,ad,male,yes,spawned,scavenged,,2016,24.0,26.0,4.5,,scanned,salmon_2016_scanned_raw.csv,,,,,,,,,,,
139.0,2016-11-12,Piper's Creek,150,dead,chum,,ad,male,yes,spawned,scavenged,Yeah,2016,60.0,28.5,6.0,,scanned,salmon_2016_scanned_raw.csv,,,,,,,,,,,
140.0,2016-11-12,Piper's Creek,160,dead,chum,,ad,male,yes,spawned,scavenged,,2016,18.0,28.0,6.0,,scanned,salmon_2016_scanned_raw.csv,,,,,,,,,,,
141.0,2016-11-12,Piper's Creek,160,dead,chum,,ad,male,yes,spawned,scavenged,,2016,72.0,28.0,4.5,,scanned,salmon_2016_scanned_raw.csv,,,,,,,,,,,
142.0,2016-11-12,Piper's Creek,200,dead,chum,,ad,male,yes,spawned,scavenged,,2016,48.0,28.0,6.5,,scanned,salmon_2016_scanned_raw.csv,,,,,,,,,,,
143.0,2016-11-12,Piper's Creek,200,dead,chum,,ad,male,yes,unspawned,scavenged,,2016,24.0,24.0,5.0,,scanned,salmon_2016_scanned_raw.csv,,,,,,,,,,,
144.0,2016-11-12,Piper's Creek,200,dead,chum,,ad,female,yes,spawned,scavenged,"Heavily – eyes, gills, nose",2016,18.0,25.5,5.0,,scanned,salmon_2016_scanned_raw.csv,,,,,,,,,,,
145.0,2016-11-12,Piper's Creek,200,dead,chum,,ad,male,yes,spawned,scavenged,Some,2016,48.0,26.0,5.5,,scanned,salmon_2016_scanned_raw.csv,,,,,,,,,,,
146.0,2016-11-12,Piper's Creek,260,dead,chum,,ad,female,yes,unknown,scavenged,,2016,36.0,24.0,4.5,,scanned,salmon_2016_scanned_raw.csv,,,,,,,,,,,
147.0,2016-11-12,Piper's Creek,260,live,chum,,ad,male,unknown,unknown,,,2016,,,,,scanned,salmon_2016_scanned_raw.csv,,,,,,,,,,,
148.0,2016-11-12,Piper's Creek,270,live,chum,,ad,female,unknown,unknown,,,2016,,,,,scanned,salmon_2016_scanned_raw.csv,,,,,,,,,,,
149.0,2016-11-12,Piper's Creek,270,live,chum,,ad,male,unknown,unknown,,,2016,,,,,scanned,salmon_2016_scanned_raw.csv,,,,,,,,,,,
150.0,2016-11-12,Piper's Creek,575,dead,chum,,ad,male,yes,spawned,scavenged,Upstream from Imprint Pond but before intake pipe,2016,,27.0,5.5,,scanned,salmon_2016_scanned_raw.csv,,,,,,,,,,,
1.0,2016-11-19,Piper's Creek,0,dead,chum,,,female,,spawned,scavenged, original distance: Beach,2016,24.0,28.0,5.0,,scanned,salmon_2016_scanned_raw.csv,,,,,,,,,,,
2.0,2016-11-19,Piper's Creek,200,dead,cutthroat,,,male,,unknown,partial,,2016,16.0,16.0,3.0,,scanned,salmon_2016_scanned_raw.csv,,,,,,,,,,,
3.0,2016-11-19,Piper's Creek,230,dead,chum,,,female,,unknown,unknown,,2016,168.0,22.0,4.5,,scanned,salmon_2016_scanned_raw.csv,,,,,,,,,,,
4.0,2016-11-19,Piper's Creek,280,dead,chum,,,male,,spawned,scavenged,,2016,172.0,28.0,5.5,,scanned,salmon_2016_scanned_raw.csv,,,,,,,,,,,
5.0,2016-11-19,Piper's Creek,300,dead,chum,,,female,,spawned,scavenged,,2016,36.0,28.0,4.5,,scanned,salmon_2016_scanned_raw.csv,,,,,,,,,,,
6.0,2016-11-19,Piper's Creek,345,dead,chum,,,male,,unspawned,scavenged,,2016,60.0,29.0,6.0,,scanned,salmon_2016_scanned_raw.csv,,,,,,,,,,,
7.0,2016-11-19,Piper's Creek,400,dead,chum,,,p,,spawned,no,,2016,36.0,24.5,5.5,,scanned,salmon_2016_scanned_raw.csv,,,,,,,,,,,
8.0,2016-11-19,Piper's Creek,400,dead,chum,,,male,,unspawned,scavenged,,2016,,27.0,5.0,,scanned,salmon_2016_scanned_raw.csv,,,,,,,,,,,
9.0,2016-11-19,Piper's Creek,400,dead,coho,,,male,,unknown,scavenged,,2016,,20.0,4.0,,scanned,salmon_2016_scanned_raw.csv,,,,,,,,,,,
10.0,2016-11-19,Piper's Creek,420,dead,chum,,,male,,spawned,scavenged,,2016,260.0,29.0,5.0,,scanned,salmon_2016_scanned_raw.csv,,,,,,,,,,,
11.0,2016-11-19,Piper's Creek,425,dead,chum,,,male,,spawned,scavenged,,2016,,28.0,5.0,,scanned,salmon_2016_scanned_raw.csv,,,,,,,,,,,
12.0,2016-11-19,Piper's Creek,425,dead,chum,,,male,,unspawned,scavenged,,2016,48.0,25.0,5.5,,scanned,salmon_2016_scanned_raw.csv,,,,,,,,,,,
13.0,2016-11-19,Piper's Creek,425,dead,chum,,,female,,partially spawned,scavenged,,2016,,25.0,4.0,,scanned,salmon_2016_scanned_raw.csv,,,,,,,,,,,
14.0,2016-11-19,Piper's Creek,500,dead,chum,,,female,,spawned,scavenged,,2016,36.0,27.0,5.0,,scanned,salmon_2016_scanned_raw.csv,,,,,,,,,,,
15.0,2016-11-19,Piper's Creek,500,dead,chum,,,female,,spawned,no,,2016,18.0,26.0,5.0,,scanned,salmon_2016_scanned_raw.csv,,,,,,,,,,,
16.0,2016-11-19,Piper's Creek,525,live,chum,,,female,,,,,2016,,,,,scanned,salmon_2016_scanned_raw.csv,,,,,,,,,,,
17.0,2016-11-19,Piper's Creek,550,live,chum,,,male,,,,,2016,,,,,scanned,salmon_2016_scanned_raw.csv,,,,,,,,,,,
18.0,2016-11-19,Piper's Creek,550,dead,chum,,,female,,spawned,scavenged,,2016,84.0,25.0,4.0,,scanned,salmon_2016_scanned_raw.csv,,,,,,,,,,,
19.0,2016-11-19,Piper's Creek,590,dead,chum,,,male,,partially spawned,no,,2016,36.0,25.0,5.0,,scanned,salmon_2016_scanned_raw.csv,,,,,,,,,,,
20.0,2016-11-19,Piper's Creek,610,dead,chum,,,male,,partially spawned,no,,2016,36.0,30.0,6.0,,scanned,salmon_2016_scanned_raw.csv,,,,,,,,,,,
21.0,2016-11-19,Piper's Creek,610,dead,chum,,,female,,partially spawned,scavenged,,2016,84.0,24.0,4.0,,scanned,salmon_2016_scanned_raw.csv,,,,,,,,,,,
22.0,2016-11-19,Piper's Creek,660,dead,chum,,,female,,spawned,no,,2016,48.0,27.0,5.5,,scanned,salmon_2016_scanned_raw.csv,,,,,,,,,,,
23.0,2016-11-19,Piper's Creek,660,dead,chum,,,female,,tbd,no,,2016,10.0,24.0,5.0,,scanned,salmon_2016_scanned_raw.csv,,,,,,,,,,,
24.0,2016-11-19,Piper's Creek,660,dead,chum,,,male,,partially spawned,scavenged,,2016,80.0,28.0,4.5,,scanned,salmon_2016_scanned_raw.csv,,,,,,,,,,,
25.0,2016-11-19,Piper's Creek,700,live,chum,,,male,,,,,2016,,,,,scanned,salmon_2016_scanned_raw.csv,,,,,,,,,,,
26.0,2016-11-19,Piper's Creek,725,live,chum,,,unknown,,,,,2016,,,,,scanned,salmon_2016_scanned_raw.csv,,,,,,,,,,,
27.0,2016-11-19,Piper's Creek,745,live,chum,,,female,,,,,2016,,,,,scanned,salmon_2016_scanned_raw.csv,,,,,,,,,,,
28.0,2016-11-19,Piper's Creek,735,dead,chum,,,female,,spawned,scavenged,,2016,60.0,25.0,4.0,,scanned,salmon_2016_scanned_raw.csv,,,,,,,,,,,
29.0,2016-11-19,Piper's Creek,745,dead,chum,,,male,,spawned,scavenged,,2016,72.0,26.0,5.0,,scanned,salmon_2016_scanned_raw.csv,,,,,,,,,,,
30.0,2016-11-19,Piper's Creek,745,dead,cutthroat,,,male,,unspawned,no,,2016,4.0,10.0,2.0,,scanned,salmon_2016_scanned_raw.csv,,,,,,,,,,,
31.0,2016-11-19,Piper's Creek,745,dead,chum,,,male,,partially spawned,no,,2016,84.0,29.0,5.5,,scanned,salmon_2016_scanned_raw.csv,,,,,,,,,,,
32.0,2016-11-19,Piper's Creek,745,live,chum,,,male,,,,,2016,,,,,scanned,salmon_2016_scanned_raw.csv,,,,,,,,,,,
33.0,2016-11-19,Piper's Creek,750,live,chum,,,female,,,,,2016,,,,,scanned,salmon_2016_scanned_raw.csv,,,,,,,,,,,
34.0,2016-11-19,Piper's Creek,765,live,chum,,,male,,,,,2016,,,,,scanned,salmon_2016_scanned_raw.csv,,,,,,,,,,,
35.0,2016-11-19,Piper's Creek,765,live,chum,,,female,,,,,2016,,,,,scanned,salmon_2016_scanned_raw.csv,,,,,,,,,,,
36.0,2016-11-19,Piper's Creek,855,dead,chum,,,male,,spawned,scavenged,,2016,24.0,28.0,5.0,,scanned,salmon_2016_scanned_raw.csv,,,,,,,,,,,
37.0,2016-11-19,Piper's Creek,875,live,chum,,,male,,,,,2016,,,,,scanned,salmon_2016_scanned_raw.csv,,,,,,,,,,,
38.0,2016-11-19,Piper's Creek,905,dead,chum,,,female,,spawned,scavenged,,2016,36.0,27.0,5.0,,scanned,salmon_2016_scanned_raw.csv,,,,,,,,,,,
39.0,2016-11-19,Piper's Creek,915,dead,coho,,,male,,unknown,unknown,,2016,36.0,25.0,4.0,,scanned,salmon_2016_scanned_raw.csv,,,,,,,,,,,
40.0,2016-11-19,Piper's Creek,915,dead,chum,,,male,,unknown,unknown,,2016,92.0,30.0,6.0,,scanned,salmon_2016_scanned_raw.csv,,,,,,,,,,,
41.0,2016-11-19,Piper's Creek,925,live,chum,,,female,,,,,2016,,,,,scanned,salmon_2016_scanned_raw.csv,,,,,,,,,,,
42.0,2016-11-19,Piper's Creek,950,dead,chum,,,female,,tbd,no,,2016,6.0,26.0,4.5,,scanned,salmon_2016_scanned_raw.csv,,,,,,,,,,,
43.0,2016-11-19,Piper's Creek,1000,dead,chum,,,male,,tbd,no,,2016,,29.0,6.0,,scanned,salmon_2016_scanned_raw.csv,,,,,,,,,,,
44.0,2016-11-19,Piper's Creek,1010,dead,chum,,,female,,spawned,scavenged,,2016,8.0,28.5,5.6,,scanned,salmon_2016_scanned_raw.csv,,,,,,,,,,,
45.0,2016-11-19,Piper's Creek,1015,live,chum,,,,,,,,2016,,,,,scanned,salmon_2016_scanned_raw.csv,,,,,,,,,,,
46.0,2016-11-19,Piper's Creek,1015,live,chum,,,,,,,,2016,,,,,scanned,salmon_2016_scanned_raw.csv,,,,,,,,,,,
47.0,2016-11-19,Piper's Creek,1075,live,chum,,,male,,,,,2016,,,,,scanned,salmon_2016_scanned_raw.csv,,,,,,,,,,,
48.0,2016-11-19,Piper's Creek,1100,dead,chum,,,male,,partially spawned,scavenged,,2016,72.0,28.0,6.0,,scanned,salmon_2016_scanned_raw.csv,,,,,,,,,,,
49.0,2016-11-19,Piper's Creek,1130,live,chum,,,female,,,,,2016,,,,,scanned,salmon_2016_scanned_raw.csv,,,,,,,,,,,
50.0,2016-11-19,Piper's Creek,1130,dead,coho,,,male,,unspawned,no,,2016,12.0,20.0,3.5,,scanned,salmon_2016_scanned_raw.csv,,,,,,,,,,,
51.0,2016-11-19,Piper's Creek,1165,live,chum,,,female,,,,,2016,,,,,scanned,salmon_2016_scanned_raw.csv,,,,,,,,,,,
52.0,2016-11-19,Piper's Creek,1165,dead,chum,,,male,,spawned,no,,2016,48.0,27.0,5.0,,scanned,salmon_2016_scanned_raw.csv,,,,,,,,,,,
53.0,2016-11-19,Piper's Creek,1190,dead,chum,,,male,,unspawned,scavenged,,2016,55.0,30.0,4.0,,scanned,salmon_2016_scanned_raw.csv,,,,,,,,,,,
54.0,2016-11-19,Piper's Creek,1210,dead,chum,,,male,,spawned,no,,2016,12.0,25.5,4.5,,scanned,salmon_2016_scanned_raw.csv,,,,,,,,,,,
55.0,2016-11-19,Piper's Creek,1220,dead,chum,,,female,,spawned,no,,2016,12.0,24.5,4.5,,scanned,salmon_2016_scanned_raw.csv,,,,,,,,,,,
56.0,2016-11-19,Piper's Creek,1290,live,chum,,,male,,,,,2016,,,,,scanned,salmon_2016_scanned_raw.csv,,,,,,,,,,,
57.0,2016-11-19,Piper's Creek,1290,live,chum,,,female,,,,,2016,,,,,scanned,salmon_2016_scanned_raw.csv,,,,,,,,,,,
58.0,2016-11-19,Piper's Creek,1270,dead,chum,,,female,,spawned,scavenged,,2016,48.0,23.0,4.0,,scanned,salmon_2016_scanned_raw.csv,,,,,,,,,,,
59.0,2016-11-19,Piper's Creek,1275,dead,chum,,,male,,spawned,scavenged,,2016,48.0,29.0,5.5,,scanned,salmon_2016_scanned_raw.csv,,,,,,,,,,,
60.0,2016-11-19,Piper's Creek,1280,dead,chum,,,male,,spawned,scavenged,,2016,,28.0,5.0,,scanned,salmon_2016_scanned_raw.csv,,,,,,,,,,,
61.0,2016-11-19,Piper's Creek,1290,live,chum,,,male,,,,,2016,,,,,scanned,salmon_2016_scanned_raw.csv,,,,,,,,,,,
62.0,2016-11-19,Piper's Creek,1340,live,chum,,,female,,,,,2016,,,,,scanned,salmon_2016_scanned_raw.csv,,,,,,,,,,,
63.0,2016-11-19,Piper's Creek,1370,dead,chum,,,male,,spawned,scavenged,Eyes,2016,48.0,24.5,5.0,,scanned,salmon_2016_scanned_raw.csv,,,,,,,,,,,
64.0,2016-11-19,Piper's Creek,1380,dead,chum,,,male,,spawned,scavenged,,2016,72.0,26.0,4.5,,scanned,salmon_2016_scanned_raw.csv,,,,,,,,,,,
65.0,2016-11-19,Piper's Creek,1380,dead,coho,,,male,,unspawned,no,,2016,12.0,23.0,4.5,,scanned,salmon_2016_scanned_raw.csv,,,,,,,,,,,
66.0,2016-11-19,Piper's Creek,1400,dead,chum,,,female,,spawned,no,,2016,36.0,28.0,5.5,,scanned,salmon_2016_scanned_raw.csv,,,,,,,,,,,
67.0,2016-11-19,Piper's Creek,1415,dead,chum,,,male,,partially spawned,scavenged,Eyes,2016,36.0,30.0,6.0,,scanned,salmon_2016_scanned_raw.csv,,,,,,,,,,,
68.0,2016-11-19,Piper's Creek,1415,live,chum,,,unknown,,,,,2016,,,,,scanned,salmon_2016_scanned_raw.csv,,,,,,,,,,,
69.0,2016-11-19,Piper's Creek,1465,dead,chum,,,male,,spawned,no,,2016,24.0,29.0,5.0,,scanned,salmon_2016_scanned_raw.csv,,,,,,,,,,,
70.0,2016-11-19,Piper's Creek,1465,dead,chum,,,female,,spawned,no,,2016,,25.0,4.0,,scanned,salmon_2016_scanned_raw.csv,,,,,,,,,,,
71.0,2016-11-19,Piper's Creek,1500,live,chum,,,male,,,,,2016,,,,,scanned,salmon_2016_scanned_raw.csv,,,,,,,,,,,
72.0,2016-11-19,Piper's Creek,1500,live,chum,,,female,,,,,2016,,,,,scanned,salmon_2016_scanned_raw.csv,,,,,,,,,,,
73.0,2016-11-19,Piper's Creek,1550,live,chum,,,male,,,,,2016,,,,,scanned,salmon_2016_scanned_raw.csv,,,,,,,,,,,
74.0,2016-11-19,Piper's Creek,1585,dead,chum,,,female,,ps,scavenged,Fresh/eyes,2016,15.0,29.0,6.0,,scanned,salmon_2016_scanned_raw.csv,,,,,,,,,,,
75.0,2016-11-19,Piper's Creek,1590,dead,chum,,,male,,spawned,scavenged,,2016,24.0,26.4,5.0,,scanned,salmon_2016_scanned_raw.csv,,,,,,,,,,,
76.0,2016-11-19,Piper's Creek,1595,dead,chum,,,male,,spawned,scavenged,Eyes,2016,24.0,30.0,7.0,,scanned,salmon_2016_scanned_raw.csv,,,,,,,,,,,
77.0,2016-11-19,Piper's Creek,1600,dead,chum,,,female,,spawned,scavenged,Eyes,2016,24.0,25.5,4.0,,scanned,salmon_2016_scanned_raw.csv,,,,,,,,,,,
78.0,2016-11-19,Piper's Creek,1600,remnant,chum,,,male,,,yes,"Damaged, dragged",2016,48.0,,,,scanned,salmon_2016_scanned_raw.csv,,,,,,,,,,,
79.0,2016-11-19,Piper's Creek,1600,dead,chum,,,female,,spawned,yes,"Damaged, dragged",2016,6.0,27.0,5.0,,scanned,salmon_2016_scanned_raw.csv,,,,,,,,,,,
80.0,2016-11-19,Piper's Creek,1600,dead,chum,,,male,,spawned,yes,"Damaged, dragged, chewed on",2016,8.0,31.0,7.5,,scanned,salmon_2016_scanned_raw.csv,,,,,,,,,,,
81.0,2016-11-19,Piper's Creek,1550,remnant,chum,,,unknown,,,yes,"Damaged, dragged",2016,,,,,scanned,salmon_2016_scanned_raw.csv,,,,,,,,,,,
82.0,2016-11-19,Piper's Creek,1550,dead,chum,,,female,,spawned,yes,"Damaged, dragged",2016,,27.0,5.0,,scanned,salmon_2016_scanned_raw.csv,,,,,,,,,,,
83.0,2016-11-19,Piper's Creek,1475,dead,chum,,,male,,spawned,no,"Damaged, keep, dragged",2016,,27.0,5.5,,scanned,salmon_2016_scanned_raw.csv,,,,,,,,,,,
84.0,2016-11-19,Piper's Creek,1475,dead,chum,,,female,,tbd,yes,"Damaged, keep, dragged",2016,6.0,26.0,4.5,,scanned,salmon_2016_scanned_raw.csv,,,,,,,,,,,
85.0,2016-11-19,Piper's Creek,1475,dead,chum,,,unknown,,tbd,yes,"Damaged, undeveloped",2016,8.0,24.5,4.0,,scanned,salmon_2016_scanned_raw.csv,,,,,,,,,,,
86.0,2016-11-19,Piper's Creek,1475,remnant,chum,,,unknown,,,yes,Damaged,2016,8.0,,,,scanned,salmon_2016_scanned_raw.csv,,,,,,,,,,,
87.0,2016-11-19,Piper's Creek,1465,dead,chum,,,male,,,,"Damaged, chewed",2016,,29.0,6.0,,scanned,salmon_2016_scanned_raw.csv,,,,,,,,,,,
88.0,2016-11-19,Piper's Creek,1450,remnant,chum,,,male,,partially spawned,yes,Damaged,2016,60.0,27.0,5.5,,scanned,salmon_2016_scanned_raw.csv,,,,,,,,,,,
89.0,2016-11-19,Piper's Creek,1400,remnant,chum,,,male,,unknown,unk,Damaged,2016,,,,,scanned,salmon_2016_scanned_raw.csv,,,,,,,,,,,
90.0,2016-11-19,Piper's Creek,1400,remnant,chum,,,unknown,,,,Damaged,2016,,,,,scanned,salmon_2016_scanned_raw.csv,,,,,,,,,,,
91.0,2016-11-19,Piper's Creek,1400,remnant,chum,,,unknown,,,,Damaged,2016,,,,,scanned,salmon_2016_scanned_raw.csv,,,,,,,,,,,
92.0,2016-11-19,Piper's Creek,1400,remnant,chum,,,unknown,,,,Damaged,2016,,,,,scanned,salmon_2016_scanned_raw.csv,,,,,,,,,,,
93.0,2016-11-19,Piper's Creek,1400,remnant,chum,,,unknown,,,,Damaged,2016,,,,,scanned,salmon_2016_scanned_raw.csv,,,,,,,,,,,
94.0,2016-11-19,Piper's Creek,1400,remnant,chum,,,unknown,,,,Damaged,2016,,,,,scanned,salmon_2016_scanned_raw.csv,,,,,,,,,,,
95.0,2016-11-19,Piper's Creek,1650,live,chum,,,female,,,,,2016,,,,,scanned,salmon_2016_scanned_raw.csv,,,,,,,,,,,
96.0,2016-11-19,Piper's Creek,1650,live,chum,,,female,,,,,2016,,,,,scanned,salmon_2016_scanned_raw.csv,,,,,,,,,,,
97.0,2016-11-19,Piper's Creek,1650,dead,chum,,,female,,spawned,scavenged,Eyes,2016,48.0,25.5,4.5,,scanned,salmon_2016_scanned_raw.csv,,,,,,,,,,,
98.0,2016-11-19,Piper's Creek,1710,live,coho,,,male,,,,,2016,,,,,scanned,salmon_2016_scanned_raw.csv,,,,,,,,,,,
99.0,2016-11-19,Piper's Creek,1710,live,cutthroat,,,unknown,,,,,2016,,,,,scanned,salmon_2016_scanned_raw.csv,,,,,,,,,,,
100.0,2016-11-19,Piper's Creek,1725,live,chum,,,male,,,,,2016,,,,,scanned,salmon_2016_scanned_raw.csv,,,,,,,,,,,
101.0,2016-11-19,Piper's Creek,1725,live,chum,,,male,,,,,2016,,,,,scanned,salmon_2016_scanned_raw.csv,,,,,,,,,,,
102.0,2016-11-19,Piper's Creek,1725,live,chum,,,male,,,,,2016,,,,,scanned,salmon_2016_scanned_raw.csv,,,,,,,,,,,
103.0,2016-11-19,Piper's Creek,1725,live,chum,,,female,,,,,2016,,,,,scanned,salmon_2016_scanned_raw.csv,,,,,,,,,,,
104.0,2016-11-19,Piper's Creek,1725,live,chum,,,female,,,,,2016,,,,,scanned,salmon_2016_scanned_raw.csv,,,,,,,,,,,
105.0,2016-11-19,Piper's Creek,1710,dead,chum,,,male,,spawned,scavenged,Heavily,2016,36.0,26.0,4.5,,scanned,salmon_2016_scanned_raw.csv,,,,,,,,,,,
106.0,2016-11-19,Piper's Creek,1700,dead,chum,,,male,,ps,yes,Eyes,2016,,25.0,4.5,,scanned,salmon_2016_scanned_raw.csv,,,,,,,,,,,
107.0,2016-11-19,Piper's Creek,1770,dead,chum,,,female,,spawned,scavenged,,2016,48.0,26.5,4.0,,scanned,salmon_2016_scanned_raw.csv,,,,,,,,,,,
108.0,2016-11-19,Piper's Creek,1780,dead,chum,,,female,,spawned,scavenged,Eyes,2016,36.0,28.0,4.5,,scanned,salmon_2016_scanned_raw.csv,,,,,,,,,,,
109.0,2016-11-19,Piper's Creek,1780,dead,chum,,,female,,spawned,scavenged,,2016,36.0,24.0,4.0,,scanned,salmon_2016_scanned_raw.csv,,,,,,,,,,,
110.0,2016-11-19,Piper's Creek,1840,dead,chum,,,male,,partially spawned,scavenged,Eyes,2016,36.0,27.0,5.0,,scanned,salmon_2016_scanned_raw.csv,,,,,,,,,,,
111.0,2016-11-19,Piper's Creek,1840,dead,chum,,,male,,partially spawned,scavenged,,2016,48.0,28.5,6.0,,scanned,salmon_2016_scanned_raw.csv,,,,,,,,,,,
112.0,2016-11-19,Piper's Creek,1840,dead,chum,,,male,,spawned,scavenged,,2016,48.0,29.0,6.0,,scanned,salmon_2016_scanned_raw.csv,,,,,,,,,,,
113.0,2016-11-19,Piper's Creek,1850,live,chum,,,female,,,,,2016,,,,,scanned,salmon_2016_scanned_raw.csv,,,,,,,,,,,
114.0,2016-11-19,Piper's Creek,1850,dead,chum,,,female,,spawned,scavenged,,2016,40.0,25.0,5.0,,scanned,salmon_2016_scanned_raw.csv,,,,,,,,,,,
115.0,2016-11-19,Piper's Creek,1860,dead,chum,,,female,,unknown,yes,Heavily,2016,48.0,24.0,4.5,,scanned,salmon_2016_scanned_raw.csv,,,,,,,,,,,
116.0,2016-11-19,Piper's Creek,1860,dead,chum,,,female,,spawned,partial,,2016,24.0,24.0,4.0,,scanned,salmon_2016_scanned_raw.csv,,,,,,,,,,,
117.0,2016-11-19,Piper's Creek,1875,dead,chum,,,male,,spawned,scavenged,,2016,12.0,30.5,7.0,,scanned,salmon_2016_scanned_raw.csv,,,,,,,,,,,
118.0,2016-11-19,Piper's Creek,1950,live,chum,,,male,,,,,2016,,,,,scanned,salmon_2016_scanned_raw.csv,,,,,,,,,,,
119.0,2016-11-19,Piper's Creek,2000,live,chum,,,female,,,,,2016,,,,,scanned,salmon_2016_scanned_raw.csv,,,,,,,,,,,
120.0,2016-11-19,Piper's Creek,1990,dead,chum,,,male,,partially spawned,scavenged,,2016,48.0,28.0,5.0,,scanned,salmon_2016_scanned_raw.csv,,,,,,,,,,,
121.0,2016-11-19,Piper's Creek,1990,dead,chum,,,male,,spawned,scavenged,,2016,24.0,28.0,5.5,,scanned,salmon_2016_scanned_raw.csv,,,,,,,,,,,
122.0,2016-11-19,Piper's Creek,2030,live,chum,,,female,,,,,2016,,,,,scanned,salmon_2016_scanned_raw.csv,,,,,,,,,,,
123.0,2016-11-19,Piper's Creek,2030,live,chum,,,female,,,,,2016,,,,,scanned,salmon_2016_scanned_raw.csv,,,,,,,,,,,
124.0,2016-11-19,Piper's Creek,2030,live,chum,,,male,,,,,2016,,,,,scanned,salmon_2016_scanned_raw.csv,,,,,,,,,,,
125.0,2016-11-19,Piper's Creek,2050,live,chum,,,female,,,,,2016,,,,,scanned,salmon_2016_scanned_raw.csv,,,,,,,,,,,
126.0,2016-11-19,Venema Creek,2060,live,chum,,,female,,,,,2016,,,,,scanned,salmon_2016_scanned_raw.csv,,,,,,,,,,,
127.0,2016-11-19,Venema Creek,145,dead,chum,,,female,,spawned,scavenged,Heavily,2016,60.0,27.0,5.0,,scanned,salmon_2016_scanned_raw.csv,,,,,,,,,,,
128.0,2016-11-19,Venema Creek,190,dead,chum,,,female,,spawned,scavenged,Eyes,2016,12.0,25.0,4.0,,scanned,salmon_2016_scanned_raw.csv,,,,,,,,,,,
129.0,2016-11-19,Venema Creek,190,dead,chum,,,male,,partially spawned,scavenged,Eyes,2016,24.0,26.5,4.5,,scanned,salmon_2016_scanned_raw.csv,,,,,,,,,,,
130.0,2016-11-19,Venema Creek,190,dead,chum,,,female,,unspawned,scavenged,Eyes,2016,12.0,26.0,5.5,,scanned,salmon_2016_scanned_raw.csv,,,,,,,,,,,
131.0,2016-11-19,Venema Creek,210,dead,chum,,,male,,spawned,scavenged,Eyes,2016,72.0,30.0,5.5,,scanned,salmon_2016_scanned_raw.csv,,,,,,,,,,,
1.0,2016-11-26,Piper's Creek,0,dead,chum,,adult,,,spawned,eyes,Washed out from beach (edge) original distance: Beach,2016,12.0,28.0,4.5,,scanned,salmon_2016_scanned_raw.csv,,,,,,,,,,,
2.0,2016-11-26,Piper's Creek,0,dead,chum,,adult,female,,spawned,eyes,Washed out from beach (edge) original distance: Beach,2016,24.0,25.0,4.5,,scanned,salmon_2016_scanned_raw.csv,,,,,,,,,,,
3.0,2016-11-26,Piper's Creek,0,dead,chum,,adult,female,,spawned,scavenged,Washed out from beach (edge) original distance: Beach,2016,72.0,26.0,5.0,,scanned,salmon_2016_scanned_raw.csv,,,,,,,,,,,
4.0,2016-11-26,Piper's Creek,0,dead,chum,,adult,female,,spawned,scavenged,Washed out from beach (edge) original distance: Beach,2016,60.0,24.0,5.0,,scanned,salmon_2016_scanned_raw.csv,,,,,,,,,,,
5.0,2016-11-26,Piper's Creek,0,dead,,,adult,female,,spawned,,beach side of pipes original distance: Beach-side (pipes),2016,18.0,24.0,4.5,,scanned,salmon_2016_scanned_raw.csv,,,,,,,,,,,
6.0,2016-11-26,Piper's Creek,0,adult,,,,female,,,,beach side of pipes original distance: Beach-side (pipes),2016,,,,,scanned,salmon_2016_scanned_raw.csv,,,,,,,,,,,
7.0,2016-11-26,Piper's Creek,0,dead,,,,female,,spawned,scavenged,beach original distance: Beach,2016,,27.0,5.0,,scanned,salmon_2016_scanned_raw.csv,,,,,,,,,,,
8.0,2016-11-26,Piper's Creek,,adult,,,,male,,,,beach side of pipes,2016,,,,,scanned,salmon_2016_scanned_raw.csv,,,,,,,,,,,
9.0,2016-11-26,Piper's Creek,150,dead,chum,,,male,,partially spawned,e,,2016,48.0,31.0,6.5,,scanned,salmon_2016_scanned_raw.csv,,,,,,,,,,,
10.0,2016-11-26,Piper's Creek,230,dead,,,,female,,spawned,no,,2016,1.5,26.0,4.5,,scanned,salmon_2016_scanned_raw.csv,,,,,,,,,,,
11.0,2016-11-26,Piper's Creek,370,dead,,,,male,,spawned,e,,2016,36.0,31.5,6.0,,scanned,salmon_2016_scanned_raw.csv,,,,,,,,,,,
12.0,2016-11-26,Piper's Creek,390,dead,,,,female,,spawned,no,,2016,12.0,26.0,4.0,,scanned,salmon_2016_scanned_raw.csv,,,,,,,,,,,
13.0,2016-11-26,Piper's Creek,530,dead,,,,male,,spawned,no,,2016,1.0,28.0,5.5,,scanned,salmon_2016_scanned_raw.csv,,,,,,,,,,,
14.0,2016-11-26,Piper's Creek,550,dead,,,,female,,spawned,scavenged,,2016,36.0,24.5,4.5,,scanned,salmon_2016_scanned_raw.csv,,,,,,,,,,,
15.0,2016-11-26,Piper's Creek,560,dead,,,,female,,spawned,scavenged,,2016,72.0,24.0,4.0,,scanned,salmon_2016_scanned_raw.csv,,,,,,,,,,,
16.0,2016-11-26,Piper's Creek,500,dead,chum,,,female,,spawned,no,,2016,17.0,26.0,4.0,,scanned,salmon_2016_scanned_raw.csv,,,,,,,,,,,
17.0,2016-11-26,Piper's Creek,550,dead,chum,,,male,,spawned,e,,2016,48.0,28.0,4.5,,scanned,salmon_2016_scanned_raw.csv,,,,,,,,,,,
18.0,2016-11-26,Piper's Creek,575,dead,chum,,,female,,unknown,no,TBD 1,2016,6.0,25.5,4.0,,scanned,salmon_2016_scanned_raw.csv,,,,,,,,,,,
19.0,2016-11-26,Piper's Creek,580,dead,chum,,,female,,spawned,scavenged,,2016,72.0,26.0,4.5,,scanned,salmon_2016_scanned_raw.csv,,,,,,,,,,,
20.0,2016-11-26,Piper's Creek,590,dead,chum,,,female,,spawned,e,,2016,36.0,25.0,4.0,,scanned,salmon_2016_scanned_raw.csv,,,,,,,,,,,
21.0,2016-11-26,Piper's Creek,590,dead,chum,,,male,,partially spawned,scavenged,,2016,72.0,26.0,4.0,,scanned,salmon_2016_scanned_raw.csv,,,,,,,,,,,
22.0,2016-11-26,Piper's Creek,650,dead,chum,,,male,,spawned,e,,2016,80.0,30.0,5.5,,scanned,salmon_2016_scanned_raw.csv,,,,,,,,,,,
23.0,2016-11-26,Piper's Creek,655,dead,chum,,,male,,spawned,e,,2016,24.0,27.0,5.0,,scanned,salmon_2016_scanned_raw.csv,,,,,,,,,,,
24.0,2016-11-26,Piper's Creek,655,dead,chum,,,male,,spawned,no,,2016,3.0,28.0,5.0,,scanned,salmon_2016_scanned_raw.csv,,,,,,,,,,,
25.0,2016-11-26,Piper's Creek,670,dead,chum,,,male,,spawned,e,,2016,,26.0,4.5,,scanned,salmon_2016_scanned_raw.csv,,,,,,,,,,,
26.0,2016-11-26,Piper's Creek,670,dead,chum,,,male,,spawned,e,,2016,72.0,29.0,4.5,,scanned,salmon_2016_scanned_raw.csv,,,,,,,,,,,
27.0,2016-11-26,Piper's Creek,795,dead,chum,,,m?,,unknown,no,TBD 2,2016,12.0,25.0,4.5,,scanned,salmon_2016_scanned_raw.csv,,,,,,,,,,,
28.0,2016-11-26,Piper's Creek,795,dead,chum,,,male,,spawned,scavenged,,2016,18.0,26.5,5.0,,scanned,salmon_2016_scanned_raw.csv,,,,,,,,,,,
29.0,2016-11-26,Piper's Creek,795,dead,chum,,,male,,spawned,e,,2016,36.0,31.0,6.0,,scanned,salmon_2016_scanned_raw.csv,,,,,,,,,,,
30.0,2016-11-26,Piper's Creek,795,dead,chum,,,male,,spawned,e,,2016,36.0,29.0,6.0,,scanned,salmon_2016_scanned_raw.csv,,,,,,,,,,,
31.0,2016-11-26,Piper's Creek,810,dead,chum,,,male,,spawned,scavenged,,2016,48.0,27.0,5.0,,scanned,salmon_2016_scanned_raw.csv,,,,,,,,,,,
32.0,2016-11-26,Piper's Creek,870,dead,chum,,,f?,,unknown,no,TBD 3,2016,8.0,26.0,4.0,,scanned,salmon_2016_scanned_raw.csv,,,,,,,,,,,
33.0,2016-11-26,Piper's Creek,870,dead,chum,,,male,,unspawned,e,,2016,24.0,30.0,6.0,,scanned,salmon_2016_scanned_raw.csv,,,,,,,,,,,
34.0,2016-11-26,Piper's Creek,875,dead,chum,,,male,,spawned,no,,2016,12.0,26.0,5.0,,scanned,salmon_2016_scanned_raw.csv,,,,,,,,,,,
35.0,2016-11-26,Piper's Creek,875,dead,chum,,,male,,spawned,no,,2016,,25.0,4.0,,scanned,salmon_2016_scanned_raw.csv,,,,,,,,,,,
36.0,2016-11-26,Piper's Creek,780,dead,,,,male,,partially spawned,scavenged,,2016,72.0,27.0,5.0,,scanned,salmon_2016_scanned_raw.csv,,,,,,,,,,,
37.0,2016-11-26,Piper's Creek,780,dead,chum,,,female,,unknown,scavenged,,2016,96.0,25.0,3.5,,scanned,salmon_2016_scanned_raw.csv,,,,,,,,,,,
38.0,2016-11-26,Piper's Creek,785,dead,chum,,,female,,spawned,scavenged,,2016,86.5,24.0,4.0,,scanned,salmon_2016_scanned_raw.csv,,,,,,,,,,,
39.0,2016-11-26,Piper's Creek,785,dead,coho,,,unk,,unknown,scavenged,,2016,72.0,21.0,3.5,,scanned,salmon_2016_scanned_raw.csv,,,,,,,,,,,
40.0,2016-11-26,Piper's Creek,790,dead,chum,,,female,,spawned,e,,2016,24.0,25.0,4.0,,scanned,salmon_2016_scanned_raw.csv,,,,,,,,,,,
41.0,2016-11-26,Piper's Creek,900,dead,chum,,,male,,spawned,scavenged,,2016,72.0,27.0,5.0,,scanned,salmon_2016_scanned_raw.csv,,,,,,,,,,,
42.0,2016-11-26,Piper's Creek,920,dead,chum,,,female,,spawned,no,,2016,48.0,24.0,4.0,,scanned,salmon_2016_scanned_raw.csv,,,,,,,,,,,
43.0,2016-11-26,Piper's Creek,920,dead,chum,,,female,,spawned,no,,2016,,26.5,4.0,,scanned,salmon_2016_scanned_raw.csv,,,,,,,,,,,
44.0,2016-11-26,Piper's Creek,920,dead,chum,,,male,,partially spawned,scavenged,,2016,90.0,28.0,5.5,,scanned,salmon_2016_scanned_raw.csv,,,,,,,,,,,
45.0,2016-11-26,Piper's Creek,930,dead,chum,,,female,,spawned,scavenged,,2016,60.0,26.0,4.5,,scanned,salmon_2016_scanned_raw.csv,,,,,,,,,,,
46.0,2016-11-26,Piper's Creek,930,dead,chum,,,male,,spawned,no,,2016,12.0,25.5,4.5,,scanned,salmon_2016_scanned_raw.csv,,,,,,,,,,,
47.0,2016-11-26,Piper's Creek,950,adult,chum,,,male,,,,,2016,,,,,scanned,salmon_2016_scanned_raw.csv,,,,,,,,,,,
48.0,2016-11-26,Piper's Creek,980,dead,chum,,,female,,spawned,no,,2016,24.0,25.0,4.0,,scanned,salmon_2016_scanned_raw.csv,,,,,,,,,,,
49.0,2016-11-26,Piper's Creek,1000,dead,chum,,,female,,spawned,no,,2016,24.0,25.0,4.5,,scanned,salmon_2016_scanned_raw.csv,,,,,,,,,,,
50.0,2016-11-26,Piper's Creek,1000,dead,chum,,,female,,partially spawned,e,,2016,48.0,25.0,4.0,,scanned,salmon_2016_scanned_raw.csv,,,,,,,,,,,
51.0,2016-11-26,Piper's Creek,1030,redd,,,,female,,,,,2016,,,,,scanned,salmon_2016_scanned_raw.csv,,,,,,,,,,,
52.0,2016-11-26,Piper's Creek,1030,redd,,,,male,,,,,2016,,,,,scanned,salmon_2016_scanned_raw.csv,,,,,,,,,,,
53.0,2016-11-26,Piper's Creek,1090,dead,,,,female,,unknown,scavenged,,2016,48.0,27.0,4.5,,scanned,salmon_2016_scanned_raw.csv,,,,,,,,,,,
54.0,2016-11-26,Piper's Creek,1130,dead,,,,female,,unknown,scavenged,,2016,96.0,24.5,4.0,,scanned,salmon_2016_scanned_raw.csv,,,,,,,,,,,
55.0,2016-11-26,Piper's Creek,1210,adult,,,,female,,,,,2016,,,,,scanned,salmon_2016_scanned_raw.csv,,,,,,,,,,,
56.0,2016-11-26,Piper's Creek,1222,adult,,,,female,,,,,2016,,,,,scanned,salmon_2016_scanned_raw.csv,,,,,,,,,,,
57.0,2016-11-26,Piper's Creek,1225,adult,,,,female,,,,,2016,,,,,scanned,salmon_2016_scanned_raw.csv,,,,,,,,,,,
58.0,2016-11-26,Piper's Creek,1230,dead,,,,male,,unspawned,e,,2016,8.0,27.0,5.5,,scanned,salmon_2016_scanned_raw.csv,,,,,,,,,,,
59.0,2016-11-26,Piper's Creek,1215,dead,,,,female,,partially spawned,scavenged,,2016,8.0,25.0,4.5,,scanned,salmon_2016_scanned_raw.csv,,,,,,,,,,,
60.0,2016-11-26,Piper's Creek,1215,dead,,,,male,,spawned,scavenged,,2016,60.0,29.0,5.5,,scanned,salmon_2016_scanned_raw.csv,,,,,,,,,,,
61.0,2016-11-26,Piper's Creek,1320,live,chum,,,unk,,,,,2016,,,,,scanned,salmon_2016_scanned_raw.csv,,,,,,,,,,,
62.0,2016-11-26,Piper's Creek,1345,dead,chum,,,female,,spawned,no,,2016,24.0,25.5,4.0,,scanned,salmon_2016_scanned_raw.csv,,,,,,,,,,,
63.0,2016-11-26,Piper's Creek,1345,dead,chum,,,male,,spawned,e,,2016,72.0,31.0,5.5,,scanned,salmon_2016_scanned_raw.csv,,,,,,,,,,,
64.0,2016-11-26,Piper's Creek,1350,live,chum,,,male,,,,,2016,,,,,scanned,salmon_2016_scanned_raw.csv,,,,,,,,,,,
65.0,2016-11-26,Piper's Creek,1350,live,chum,,,male,,,,,2016,,,,,scanned,salmon_2016_scanned_raw.csv,,,,,,,,,,,
66.0,2016-11-26,Piper's Creek,1310,dead,chum,,,male,,unknown,yes,On bank,2016,72.0,31.0,6.5,,scanned,salmon_2016_scanned_raw.csv,,,,,,,,,,,
67.0,2016-11-26,Piper's Creek,1475,remnant,chum,,,unk,,,yes,On bank,2016,,,,,scanned,salmon_2016_scanned_raw.csv,,,,,,,,,,,
68.0,2016-11-26,Piper's Creek,1450,,chum,,,male,,spawned,e,,2016,72.0,27.0,4.5,,scanned,salmon_2016_scanned_raw.csv,,,,,,,,,,,
69.0,2016-11-26,Piper's Creek,1450,,chum,,,male,,spawned,e,Covered in silt,2016,12.0,25.0,4.5,,scanned,salmon_2016_scanned_raw.csv,,,,,,,,,,,
70.0,2016-11-26,Piper's Creek,1450,,chum,,,female,,spawned,e,,2016,80.0,24.0,4.5,,scanned,salmon_2016_scanned_raw.csv,,,,,,,,,,,
71.0,2016-11-26,Piper's Creek,1450,,,,,,,,,"Already cut, don't count",2016,,,,,scanned,salmon_2016_scanned_raw.csv,,,,,,,,,,,
72.0,2016-11-26,Piper's Creek,1575,live,chum,,,female,,,,,2016,,,,,scanned,salmon_2016_scanned_raw.csv,,,,,,,,,,,
73.0,2016-11-26,Piper's Creek,1590,dead,chum,,,male,,spawned,e,,2016,24.0,29.0,5.5,,scanned,salmon_2016_scanned_raw.csv,,,,,,,,,,,
74.0,2016-11-26,Piper's Creek,1620,dead,chum,,,female,,spawned,e,,2016,24.0,25.5,4.5,,scanned,salmon_2016_scanned_raw.csv,,,,,,,,,,,
75.0,2016-11-26,Piper's Creek,1620,dead,chum,,,female,,spawned,e,,2016,72.0,26.0,4.5,,scanned,salmon_2016_scanned_raw.csv,,,,,,,,,,,
76.0,2016-11-26,Piper's Creek,1620,dead,chum,,,female,,unknown,scavenged,Heavily scavenged,2016,90.0,25.5,4.0,,scanned,salmon_2016_scanned_raw.csv,,,,,,,,,,,
77.0,2016-11-26,Piper's Creek,1650,remnant,chum,,,female,,,,,2016,,,,,scanned,salmon_2016_scanned_raw.csv,,,,,,,,,,,
78.0,2016-11-26,Piper's Creek,1650,remnant,chum,,,male,,,,,2016,,,,,scanned,salmon_2016_scanned_raw.csv,,,,,,,,,,,
79.0,2016-11-26,Piper's Creek,1630,remnant,coho,,,unk,,unknown,,Bottom of pool,2016,,,,,scanned,salmon_2016_scanned_raw.csv,,,,,,,,,,,
80.0,2016-11-26,Piper's Creek,1700,dead,chum,,,female,,spawned,e,,2016,154.0,25.0,4.5,,scanned,salmon_2016_scanned_raw.csv,,,,,,,,,,,
81.0,2016-11-26,Piper's Creek,1745,dead,chum,,,male,,spawned,e,,2016,36.0,28.0,5.0,,scanned,salmon_2016_scanned_raw.csv,,,,,,,,,,,
82.0,2016-11-26,Piper's Creek,1790,dead,chum,,,male,,partially spawned,e,Chewed gills,2016,84.0,27.0,4.0,,scanned,salmon_2016_scanned_raw.csv,,,,,,,,,,,
83.0,2016-11-26,Piper's Creek,1900,live,chum,,,female,,,,,2016,,,,,scanned,salmon_2016_scanned_raw.csv,,,,,,,,,,,
84.0,2016-11-26,Piper's Creek,1970,live,,,,female,,,,,2016,,,,,scanned,salmon_2016_scanned_raw.csv,,,,,,,,,,,
85.0,2016-11-26,Piper's Creek,1970,live,,,,unk,,,,,2016,,,,,scanned,salmon_2016_scanned_raw.csv,,,,,,,,,,,
86.0,2016-11-26,Piper's Creek,1980,live,,,,unk,,,,,2016,,,,,scanned,salmon_2016_scanned_raw.csv,,,,,,,,,,,
87.0,2016-11-26,Piper's Creek,1980,live,,,,unk,,,,,2016,,,,,scanned,salmon_2016_scanned_raw.csv,,,,,,,,,,,
88.0,2016-11-26,Piper's Creek,2030,live,,,,male,,,,,2016,,,,,scanned,salmon_2016_scanned_raw.csv,,,,,,,,,,,
89.0,2016-11-26,Venema Creek,100,dead,chum,,,female,,spawned,scavenged,,2016,12.0,26.0,4.0,,scanned,salmon_2016_scanned_raw.csv,,,,,,,,,,,
90.0,2016-11-26,Venema Creek,140,dead,chum,,,male,,partially spawned,e,,2016,24.0,27.0,5.5,,scanned,salmon_2016_scanned_raw.csv,,,,,,,,,,,
91.0,2016-11-26,Venema Creek,410,live,chum,,,unk,,,,,2016,,,,,scanned,salmon_2016_scanned_raw.csv,,,,,,,,,,,
92.0,2016-11-26,Venema Creek,505,live,chum,,,male,,,,,2016,,,,,scanned,salmon_2016_scanned_raw.csv,,,,,,,,,,,
1.0,2016-12-03,Piper's Creek,0,dead,chum,,adult,male,,partially spawned,e,Washed to beach original distance: Beach,2016,,28.0,5.0,,scanned,salmon_2016_scanned_raw.csv,,,,,,,,,,,
2.0,2016-12-03,Piper's Creek,100,live,cutthroat,,,unknown,,,,plunge pool,2016,,,,,scanned,salmon_2016_scanned_raw.csv,,,,,,,,,,,
3.0,2016-12-03,Piper's Creek,175,dead,,,,male,,unknown,scavenged,,2016,90.0,28.0,5.0,,scanned,salmon_2016_scanned_raw.csv,,,,,,,,,,,
4.0,2016-12-03,Piper's Creek,195,dead,chum,,,male,,partially spawned,scavenged,Stretchable!,2016,,30.0,6.0,,scanned,salmon_2016_scanned_raw.csv,,,,,,,,,,,
5.0,2016-12-03,Piper's Creek,200,dead,chum,,,male,,spawned,scavenged,,2016,,30.0,6.5,,scanned,salmon_2016_scanned_raw.csv,,,,,,,,,,,
6.0,2016-12-03,Piper's Creek,200,dead,chum,,,male,,spawned,scavenged,,2016,,30.0,5.5,,scanned,salmon_2016_scanned_raw.csv,,,,,,,,,,,
7.0,2016-12-03,Piper's Creek,200,dead,chum,,,male,,partially spawned,scavenged,,2016,96.0,26.0,5.0,,scanned,salmon_2016_scanned_raw.csv,,,,,,,,,,,
8.0,2016-12-03,Piper's Creek,200,dead,chum,,,male,,spawned,no,,2016,48.0,25.0,4.5,,scanned,salmon_2016_scanned_raw.csv,,,,,,,,,,,
9.0,2016-12-03,Piper's Creek,205,dead,chum,,,no organs,,spawned,scavenged,Silver + no spawning colors,2016,,28.0,5.0,,scanned,salmon_2016_scanned_raw.csv,,,,,,,,,,,
10.0,2016-12-03,Piper's Creek,640,dead,chum,,,male,,partially spawned,e,,2016,,29.5,6.0,,scanned,salmon_2016_scanned_raw.csv,,,,,,,,,,,
11.0,2016-12-03,Piper's Creek,640,dead,chum,,,male,,spawned,e,,2016,72.0,30.0,6.0,,scanned,salmon_2016_scanned_raw.csv,,,,,,,,,,,
12.0,2016-12-03,Piper's Creek,650,dead,chum,,,female,,spawned,no,,2016,72.0,24.0,4.0,,scanned,salmon_2016_scanned_raw.csv,,,,,,,,,,,
13.0,2016-12-03,Piper's Creek,650,dead,chum,,,female,,spawned,no,,2016,72.0,26.0,4.5,,scanned,salmon_2016_scanned_raw.csv,,,,,,,,,,,
14.0,2016-12-03,Piper's Creek,655,dead,chum,,,female,,spawned,no,Fresh,2016,12.0,26.0,4.5,,scanned,salmon_2016_scanned_raw.csv,,,,,,,,,,,
15.0,2016-12-03,Piper's Creek,655,dead,chum,,,female,,spawned,no,,2016,80.0,25.0,4.5,,scanned,salmon_2016_scanned_raw.csv,,,,,,,,,,,
16.0,2016-12-03,Piper's Creek,760,dead,chum,,,female,,spawned,no,,2016,12.0,25.0,4.0,,scanned,salmon_2016_scanned_raw.csv,,,,,,,,,,,
17.0,2016-12-03,Piper's Creek,770,dead,,,,male,,partially spawned,scavenged,,2016,86.0,32.0,6.5,,scanned,salmon_2016_scanned_raw.csv,,,,,,,,,,,
18.0,2016-12-03,Piper's Creek,875,remnant,,,,unknown,,unknown,scavenged,,2016,,,,,scanned,salmon_2016_scanned_raw.csv,,,,,,,,,,,
19.0,2016-12-03,Piper's Creek,900,remnant,,,,male,,unknown,partial,,2016,,,,,scanned,salmon_2016_scanned_raw.csv,,,,,,,,,,,
20.0,2016-12-03,Piper's Creek,915,dead,,,,female,,spawned,scavenged,,2016,96.0,24.5,4.0,,scanned,salmon_2016_scanned_raw.csv,,,,,,,,,,,
21.0,2016-12-03,Piper's Creek,1015,dead,,,,female,,spawned,no,,2016,18.0,26.0,4.0,,scanned,salmon_2016_scanned_raw.csv,,,,,,,,,,,
22.0,2016-12-03,Piper's Creek,1015,dead,,,,male,,partially spawned,no,,2016,36.0,27.0,5.0,,scanned,salmon_2016_scanned_raw.csv,,,,,,,,,,,
23.0,2016-12-03,Piper's Creek,1025,dead,,,,male,,spawned,no,,2016,18.0,30.0,5.5,,scanned,salmon_2016_scanned_raw.csv,,,,,,,,,,,
24.0,2016-12-03,Piper's Creek,1100,dead,,,,female,,unknown,scavenged,Heavily,2016,96.0,24.5,4.5,,scanned,salmon_2016_scanned_raw.csv,,,,,,,,,,,
25.0,2016-12-03,Piper's Creek,1275,dead,,,,male,,unspawned,e,,2016,120.0,29.0,5.5,,scanned,salmon_2016_scanned_raw.csv,,,,,,,,,,,
26.0,2016-12-03,Piper's Creek,1310,dead,,,,female,,spawned,scavenged,,2016,24.0,26.0,4.5,,scanned,salmon_2016_scanned_raw.csv,,,,,,,,,,,
27.0,2016-12-03,Piper's Creek,1425,dead,,,,male,,spawned,e,,2016,36.0,27.0,5.0,,scanned,salmon_2016_scanned_raw.csv,,,,,,,,,,,
28.0,2016-12-03,Piper's Creek,1520,dead,,,,female,,spawned,e,,2016,72.0,28.0,5.0,,scanned,salmon_2016_scanned_raw.csv,,,,,,,,,,,
29.0,2016-12-03,Piper's Creek,1575,dead,,,,female,,unknown,scavenged,Heavily decayed,2016,,28.5,5.0,,scanned,salmon_2016_scanned_raw.csv,,,,,,,,,,,
30.0,2016-12-03,Venema Creek,250,dead,chum,,,male,,partially spawned,e,Flow meter ... Chain ... at about 275,2016,48.0,27.0,5.0,,scanned,salmon_2016_scanned_raw.csv,,,,,,,,,,,
